user_name_from,user_name_to,Append
MicroMedTech,MICROLABASSIST,1
MicroMedTech,MICROPHYS1,1
MicroMedTech,MICROPHYS2,1
MicroMedTech,MICROPHYS3,1
MicroMedTech,MICROPHYS4,1
MicroMedTech,MICROPHYS5,1
MicroMedTech,MICROMEDTECH,1
MicroMedTech,MICROMEDTECH1,1
MicroMedTech,MICROMEDTECH2,1
MicroMedTech,MICROMEDTECH3,1
MicroMedTech,MICROMEDTECH4,1
MicroMedTech,MICROMEDTECH5,1
MicroMedTech,MICROSUPER,1
MicroMedTech,MICROSUPER1,1
MicroMedTech,MICROSUPER2,1
MicroMedTech,MICROSUPER3,1
MicroMedTech,MICROSUPER4,1
MicroMedTech,MICROSUPER5,1
MicroMedTech,MICROSEC1,1
MicroMedTech,MICROSEC2,1
MicroMedTech,MICROSEC3,1
MicroMedTech,MICROSEC4,1
MicroMedTech,MICROSEC5,1
